emp_id,name,department_id,salary,hire_date
1,George Taylor,6,113886,2016-09-01
2,Erin Riley,1,120198,2018-12-10
3,Sarah West,1,103000,2020-12-08
4,Melissa Harmon,6,58785,2017-07-23
5,Ronald Jensen,3,119733,2015-10-13
6,Mr. Karl Diaz,2,72504,2018-09-30
7,Autumn Shannon,2,140474,2025-02-28
8,Brandon Espinoza,2,130704,2022-10-03
9,Ronald Porter,6,131711,2023-06-09
10,Charles Gilbert,1,37331,2017-11-06
11,Hannah Martin,6,60021,2020-03-22
12,Duane Garcia,6,137715,2024-05-29
13,William Hubbard,5,34207,2022-07-19
14,Kathryn Campos,1,135518,2022-06-30
15,Larry Shaw,5,71347,2023-12-04
16,Jessica Grant,4,82581,2021-05-20
17,Mr. Paul Benson,1,65093,2022-01-07
18,Kelly Powell,1,38675,2024-01-26
19,Leslie Barton,1,57653,2018-09-28
20,Tina Jennings,2,149686,2017-01-05
21,Larry Hall,2,104341,2021-07-07
22,Jennifer Rivera,5,144867,2019-11-27
23,Mr. James Hernandez,5,124098,2017-04-18
24,Mrs. Heather Ramsey,1,71245,2022-10-14
25,Jennifer Wells,5,57869,2016-03-07
26,Joel Lee,2,115909,2023-03-20
27,Patrick Oliver,6,95435,2020-07-27
28,Mathew Burton,6,81856,2020-01-03
29,Joshua Saunders,6,145957,2022-12-20
30,Jerry Erickson,5,149871,2022-05-23
31,Kelly Shah,4,114259,2020-02-02
32,Wendy Stokes,2,90142,2021-01-16
33,Allison Russell,4,48726,2025-03-28
34,John Russo,5,64718,2024-09-05
35,Gregory Jenkins,3,48301,2019-02-08
36,Ryan Walker,1,62325,2023-01-12
37,Megan Edwards,2,127647,2024-04-18
38,Ryan Sosa,6,103579,2018-08-25
39,Jessica Sanchez,4,100644,2019-01-16
40,Michael Walters,3,64438,2020-05-19
41,Ms. Christina Rodriguez,3,127912,2025-01-28
42,Becky Robinson,2,106622,2015-12-08
43,Kimberly Henry,2,86155,2018-12-15
44,Amber Rowland,3,147679,2022-07-16
45,Lisa Bell,1,106484,2025-02-18
46,William Brewer,1,82350,2015-10-22
47,Jacob Jimenez,4,77447,2018-08-09
48,Angie Morgan,1,58746,2023-05-17
49,Kristen Ingram,3,48131,2022-05-23
50,Kevin Gentry,3,96784,2022-10-01
51,Eric Watkins,5,94686,2020-09-17
52,Rebecca Ross,3,41915,2023-04-21
53,Terri Steele,1,129061,2018-12-18
54,Richard Morris,6,36175,2023-01-11
55,Brian Lester,4,142866,2023-08-31
56,Thomas Vasquez,5,44371,2021-04-17
57,Lisa Mcneil,1,50033,2015-09-30
58,Pamela Allen,4,112240,2022-07-27
59,Joshua Manning,1,50969,2024-03-19
60,Chad Matthews,5,133819,2021-11-13
61,Roberto Haynes,3,119192,2019-05-02
62,Alison Reid,6,85333,2018-01-09
63,Kristy Lester,5,108172,2023-05-27
64,John Patton,3,38326,2019-12-05
65,Shelia Francis,5,80432,2024-02-08
66,Barbara Nguyen,2,80019,2017-12-02
67,Virginia Lee,6,108104,2019-08-02
68,Charles Preston,1,91348,2020-01-16
69,Kristy Perez,1,99352,2022-06-03
70,Caleb Wallace,6,62953,2024-01-24
71,Jennifer Cunningham,2,102512,2019-12-20
72,Brandy Chavez,3,142824,2017-01-08
73,Danielle Flores,1,31504,2025-04-17
74,Michele Burton,2,119166,2019-06-22
75,Samantha Miller,1,124466,2025-05-08
76,Rachel Harris MD,4,45014,2016-06-08
77,Julie Hill,3,119353,2015-09-05
78,Melissa Oconnell,4,145970,2017-04-15
79,Kelsey Jackson,6,100381,2018-01-13
80,Cheryl Hughes,3,128419,2018-05-06
81,Adam Brown,2,64973,2024-09-10
82,Melissa Hines,3,130741,2018-01-25
83,Sarah Thomas,3,114012,2024-06-29
84,Jason Barton,2,74587,2023-10-02
85,Aaron Martin,6,44621,2020-04-18
86,Brian Gonzalez,3,68469,2024-06-11
87,Seth Rodriguez,6,86985,2019-06-05
88,Heather Woods,6,50730,2020-05-15
89,Debbie Carroll,6,89470,2018-05-20
90,John Scott,1,30425,2017-10-16
91,Jonathan Baker,5,124646,2016-10-25
92,Jose Murphy,6,144799,2020-10-23
93,Jeanne Collins,2,124329,2024-12-16
94,Alexander Spencer,5,64522,2020-04-16
95,Danielle Webb,6,95612,2020-02-03
96,Paul Campos,2,129871,2017-05-03
97,Chad Williams,2,53416,2021-03-31
98,Kevin Ball,4,96542,2017-05-12
99,Cynthia Williams,4,149619,2021-09-20
100,William Lopez,3,43947,2020-04-12
